Model,RMSE,MAE,MAPE
standard_nb,3.2914029430219167,2.6666666666666665,102.47880591630592
